Computers,$300.00,Dell Inspiron 660 windows 7 pro New in box,2h ago,
Computers,$250.00,Epson Artisan 810 Printer NEW prints on CD DVD,2h ago,
Computers,$570.00,"Apple 2019 16 MacBook Pro 2.6GHz i7-9750H, 16GB RAM 512GB SSD Touch B",3h ago,Kansas City KS
Computers,$150.00,"Lenovo X1 Tablet Intel Core m7-6Y75 1.2GHz 8GB RAM 256GB SSD W10p,Touc",4h ago,Kansas City KS
Computers,$175.00,Varidesk ProPlus 36,5h ago,"Nevada, MO"
Computers,$30.00,Google Nest WiFi H2D 2nd Gen Mesh AC2200 Router w/ Cable Tested,6h ago,Overland Park
Computers,$20.00,Google Wifi AC1200 Dual-Band Mesh Model GJ2CQ,6h ago,Overland Park
Computers,$10.00,24 Samsung LED Monitor S24D300,6h ago,Overland Park
Computers,$850.00,Computer,6h ago,Kansas City
Computers,$400.00,Custom Built Tower Quad-Core Desktop Computer,6/6,Independence
Computers,$150.00,Dell Latitude E5550 WIN10 PR0 i7 16GB 256GB SSD  RAM Webcam,6/6,Gardner
Computers,$495.00,Tripp Lite SRXCOOL7KRM Rack-Mount Cooling Unit Air Conditioner,6/6,Blue Springs
Computers,$65.00,Global - Counter Top Crt Security Computer Cabinet - Putty - 607294PY,6/6,Blue Springs
Computers,$90.00,Tripplite network computer server 5U rack unit Wall mount NEW,6/6,Blue Springs
Computers,$125.00,Tripplite network computer server 5 rack unit cabinet enclosure NEW,6/6,Blue Springs
Computers,"$2,000.00",4080+R9 7900x,6/5,Overland Park
Computers,"$1,200.00",I7-12700K,6/5,Kansas City
Computers,$545.00,7.3 FHD Dell Precision 7740 i7-9850H 2.6GHz 512GB SSD 16GB RAM W11p R,6/5,Kansas City KS
Computers,$160.00,HP Envy M7 Touchscreen Laptop,6/5,
Computers,$160.00,Dell Precision M6800 Laptop i7 4810MQ 2.8GHz 16GB RAM 128GB SSD Quadro,6/5,Kansas City KS
Computers,$575.00,Gaming PC,6/5,Gladstone
Computers,$150.00,eMachines EL1850 Windows 7 Celeron 450 4GB RAM 500GB HDD Win7 Software,6/5,"Kansas City, MO"
Computers,$500.00,Apple iMac  2.7 21.5,6/5,Liberty
Computers,$15.00,Laptop raiser,6/5,South Overland park
Computers,$25.00,Dear raiser for work,6/5,South Overland park
Computers,$250.00,32 Dell 2K IPS Monitor,6/5,Merriam
Computers,$20.00,monitor lift new,6/5,lees summit
Computers,$50.00,massage homedics like new,6/5,lees summit
Computers,$50.00,HP Deskjet Printer,6/5,Oak Grove
Computers,$800.00,Electric scooter,6/4,Gladstone
Computers,$240.00,Remarkable 2 Paper Tablet with Accessories,6/4,Olathe
Computers,$675.00,MacBook Air M2,6/4,"Overland Park, Kansas"
Computers,"$1,300.00",M3 MacBook Pro 14 inch,6/4,"Overland Park, Kansas"
Computers,$245.00,Lenovo x1 Carbon i7-7600U 2.80GHz 16GB 512GB SSD Windows 11 Pro,6/4,Kansas City KS
Computers,$220.00,"HP ProBook 440 G7 14 i5-10210U,1.60GHz , 16GB RAM, 256GB SSD",6/4,Kansas City KS
Computers,$225.00,HP ProBook 450 G6 15.6 2018 FHD 1.8GHz i7-8565U 16GB 256GB SSD MX130,6/4,Kansas City KS
Computers,$50.00,New & Perfect 12 Win10 Laptop with Charger - Ready to Use,6/4,"87th & Metcalf, OP"
Computers,$40.00,Dell Inspiron 3650 - i5-6400 8Gb 1Tb DVD Win10 - Ready,6/4,"87th & Metcalf, OP"
Computers,$35.00,Working Asus ROG Strix B760i Gaming WiFi Motherboard,6/4,"87th & Metcalf, OP"
Computers,$299.00,**REDUCED**  Brand New Lenovo IdeaPad L340-17API,6/4,Independence
Computers,$70.00,HP Prodesk G2,6/4,Independence
Computers,$200.00,HP EliteBook 840 G6 14 Intel Core i5-8365U 512GB SSD 16GB RAM A Win 1,6/4,Kansas City KS
Computers,$80.00,Dell laptop Inspiron 15-3565 AMD A6-9200 processor,6/4,Overland Park
Computers,$20.00,ink samsung printer ink cartridge new,6/4,lees summit
Computers,$180.00,MacBook Air,6/4,Smithville MO
Computers,$0.00,FREE HP OFFICEJET 5500 SERIES,6/3,"Sugar Creek, MO"
Computers,$400.00,Microsoft Surface Laptop 3 Core i5/8GB/256GB/Win 11,6/3,Overland Park
Computers,$40.00,24 Monitor & Keyboard,6/3,Olathe
Computers,$25.00,router medialink wireless like new,6/3,lees summit
Computers,$5.00,epson printer ink set of 4pk new,6/3,lees summit
Computers,$75.00,printer hp 3830 wireless with ink like new,6/3,lees summit
Computers,$15.00,Computer Monitors,6/3,Parkville
Computers,$325.00,Sleeper eSports computer,6/2,Independence
Computers,$300.00,Dell Optiplex 7070,6/2,
Computers,$30.00,Asus EeeBox PC,6/2,
Computers,$700.00,Lenovo Ideapad Gaming 3 16ARH7,6/2,"Olathe, KS"
Computers,$25.00,Asus ROG Strix B760i Gaming WiFi Motherboard,6/2,"87th & Metcalf, OP"
Computers,$80.00,iPad  12 16GB KeyBoard Brydge+,6/2,lee's summit
Computers,$50.00,Dell 24 inch monitor,6/2,Overland Park
Computers,$250.00,2 - Epson 3800 printers,6/2,North Overland Park
Computers,$55.00,6 pc games,6/2,shawnee ks
Computers,$200.00,Dell Desktop with Dual Monitors + Surround Sound,6/2,Lee's Summit
Computers,$120.00,Dell Latitude E5570 intel I5 2.40Ghz/8gb /500 HDD /Win 10,6/1,south kc/Redbridge
Computers,$80.00,(3 Pack) Dell Optiplex 990 Intel I5 3.30Ghz/4Gb/250HDD/No OS,6/1,south kc
Computers,$700.00,"15” macbook pro i7, 16GB Ram, 500GB hard drive . Plus 27” Apple Cinema",6/1,Overland Park
Computers,$15.00,"Original Genuine OEM HP 22 Tri-Color Ink Cartridge. New, unopened.",6/1,Leawood
Computers,$100.00,Dell Inspiron 24 All in One PC Computer,5/31,Odessa
Computers,$240.00,Dell Precision 7520 15.6 FHD i7-6820HQ 2.70GHz32GB 512GB SSD Quadro M,5/31,Kansas City KS
Computers,$225.00,Dell Precision 7710 2.7 GHz i7-6820HQ 16GB 256GB SSD 17.3 FirePro W51,5/31,Kansas City KS
Computers,$240.00,Dell Precision 7520 15.6 FHD i7-7820HQ2.80GHz16GB 256GB SSD Qu,5/31,Kansas City KS
Computers,$10.00,Car Audio - Power Fuse,5/31,OVERLAND PARK
Computers,$25.00,Desktop PC,5/31,Kansas City
Computers,$40.00,Computer Printer,5/31,South KC
Computers,$400.00,HP Z2 Mini G4 desktop computer Xeon E-2226G 6-core 3.4 GHz 16GB 1Tb,5/31,Lees Summit
Computers,$475.00,Dell Inspiron 7791 2 in 1 Touch Screen 17.3 FHD i7 10510U 16GB 512GB,5/30,Kansas City KS
Computers,$300.00,Dell Precision 5520 i7-7820HQ 2.9GHz 32GB RAM512GB SSD Quadro M1200 Wi,5/30,Kansas City KS
Computers,$175.00,"Samsung 34 Class Ultrawide Monitor with 21:9 Wide Screen,",5/30,Kansas City
Computers,$350.00,"HP Pavilion 15.6 FHD Gaming Laptop, Intel Core i5-10300H, 8GB RAM, NV",5/30,
Computers,$300.00,HP laptop,5/30,Kansas City
Computers,$60.00,windows home10 dvd -  brand new,5/29,
Computers,$150.00,"I Buy Apple Computers, iMac''s, Macbook - Working or Not Working",5/29,"Overland Park, KS"
Computers,$200.00,Laptop,5/29,Butler
Computers,$10.00,Acer Protective Laptop Sleeve,5/29,Independence
Computers,$900.00,Gaming pc,5/29,Leavenworth
Computers,$800.00,Microsoft Surface Pro 6,5/28,Olathe
Computers,$0.00,Macbook Pro up for grabs!,5/28,Kansas City
Computers,$240.00,Macbook Pro 15 Retina A1398 Mid 2014 i7 @2.20GHz 16GB 256GB SSD w/OS,5/28,Kansas City KS
Computers,$250.00,Dell-Inspiron 23 All in One,5/28,OVERLAND PARK
Computers,$1.00,Custom intel/asus PC!,5/27,Kansas City
Computers,"$3,500.00",Gaming / High performance laptop,5/27,Downtown Kansas city MO
Computers,$20.00,#1076 Wireless Bluetooth Keyboard,5/27,Kansas City
Computers,$49.00,REDUCED - Desktop Sony VAIO VPCL222FX 24 Intel i3-2310M,5/26,Midtown
Computers,$60.00,600 G1 Desktop by HP,5/26,Independence
Computers,$70.00,3rd Gen Probook,5/26,Independence
Computers,"$1,250.00",i9-10900k/GTX 3070 CyberPower Gaming PC,5/26,Gladstone
Computers,$50.00,Dell Inspiron 3583 Computer,5/26,Oak Grove
Computers,$30.00,Apple Trackpad,5/25,Overland Park
Computers,$50.00,iPad Pro Wireless Keyboard and Battery,5/25,Overland Park
Computers,$200.00,iMac,5/25,Overland Park
Computers,$30.00,Apple Time Capsule - 1 TB,5/25,Overland Park
Computers,$100.00,Brother MFC-8890DW High-Performance All-in-One Laser Printer,5/25,Overland Park
Computers,$20.00,modem motorola and wifi router like new,5/25,lees summit
Computers,$200.00,Custom Built Computer,5/25,Gladstone
Computers,$180.00,HP 14 Laptop - i5-1035G4 3.7 Ghz 4GB RAM 128GB SSD,5/24,Liberty
Computers,$70.00,Dell OptiPlex 390 SFF Intel i3-2120@3.30GHz|8GB RAM|500GBHDD|Windows10,5/24,
Computers,$90.00,Dell OptiPlex 7010 MT Intel i7-3770@3.40GHz|8GB RAM|500GBHDD|Windows10,5/24,
Computers,$650.00,RTX ARGB Define Gaming PC,5/24,Kansas City
Computers,$20.00,NETGEAR WIRELESS-G ROUTER,5/24,Gladstone MO
Computers,$25.00,Epson Printer ET-3750,5/24,Lenexa
Computers,$50.00,Dell Optiplex GX 520 Computer,5/24,Lenexa
Computers,$300.00,Pro Tools 12 Computer,5/24,Lenexa
Computers,$160.00,Samsung 28 UHD Monitor,5/23,Lenexa
Computers,$225.00,Canon 046H toner cartridges,5/23,Kansas City
Computers,$60.00,CRG-046 toner cartridges,5/23,Kansas City
Computers,$60.00,901XL ink cartridges,5/23,Kansas City
Computers,$550.00,Apple MacBook Air 13.3” M1 Chip,5/22,
Computers,$600.00,M1 MacBook Air,5/22,Leawood
Computers,$400.00,alienware aurora r6,5/22,Leawood
Computers,$100.00,Dell Latitude 5310,5/21,
Computers,$400.00,Dell Ultra Sharp,5/21,Independence
Electronics,$599.00,Apple iPad Pro 12.9-inch 256GB + New Otterbox Defender,31 mins ago,Oak Park Mall
Electronics,$20.00,Vintage black light,1h ago,Kansas City
Electronics,$165.00,peavey 118-sub hc speakers,2h ago,kansas ks
Electronics,$45.00,RV 30 Amp Portable Surge Protector,3h ago,Olathe
Electronics,$65.00,PIONEER 100 WPC A/V Stereo Receiver #VSX-5300 No Remote - Watch Video,5h ago,
Electronics,$65.00,Kenwood 100 WPC 5.1 Home Theater A/V Receiver #VR-6050 (REMOTE INC) -,5h ago,
Electronics,$15.00,Home Phone,7h ago,Kansas City
Electronics,$40.00,Vintage Sears LXI Series Dual Tape Deck,7h ago,Olathe
Electronics,$100.00,Definitive Technology Subwoofer,7h ago,Olathe
Electronics,$100.00,PS3 Bundle,7h ago,Olathe
Electronics,$600.00,Cerwin Vegas 12' Home Speakers,7h ago,Kansas City
Electronics,$50.00,3d printer,8h ago,"66061, Olathe, KS"
Electronics,$125.00,Yamaha 5.1 Channel Receiver and JBL Cinema Sound Speakers,8h ago,"Olathe, KS"
Electronics,$50.00,Power One P 13 Batteries for High Level Hearing,6-Jun,Independence
Electronics,$30.00,#1077 Milk Frother,6-Jun,Kansas City
Electronics,$500.00,"APC Rack PDU AP8865 2G metered 0U 8.6kW 208V 36 C13, 6 ge APC Rack",6-Jun,"Olathe, KS"
Electronics,$30.00,Bose Jewel Mint Horizontal Center Channel Speaker White Lifestyle 38/4,6-Jun,"Olathe, KS"
Electronics,$160.00,Bose 301 V Speakers,6-Jun,"Olathe, KS"
Electronics,$175.00,Sony PS-LX300H 2 Speed belt drive turntable,6-Jun,"Olathe, KS"
Electronics,$360.00,Nintendo Switch,6-Jun,Overland Park
Electronics,$15.00,Wireless In-Car Bluetooth FM Transmitter MP3 Radio Adapter Car Kit USB Charger,6-Jun,Independence
Electronics,$95.00,Acer S201HL 20 HD Widescreen Monitor,6-Jun,Independence
Electronics,$30.00,First Alert Weather Radio WX-150,6-Jun,Independence
Electronics,$25.00,SONY HDTV with REMOTE 32,6-Jun,SPRING HILL
Electronics,$85.00,speaker sony home theater set of 7 still like new,6-Jun,lees summit
Electronics,$55.00,drone boat parrot hydrofoil new,6-Jun,lees summit
Electronics,$12.00,Earbuds tozo,6-Jun,Olathe
Electronics,$0.00,Samsung 65”Smart TV,6-Jun,Smithville
Electronics,$200.00,Roland CAMM-1 PNC-950 desktop sign maker,6-Jun,Worlds of Fun
Electronics,$200.00,Audio POLK AUDIO SPEAKERS XLENT,6-Jun,
Electronics,$80.00,Infinity RS4 36  tall Speakers,6-Jun,SHAWNEE
Electronics,$50.00,Linksys EA7500 AC1900 wireless streaming/gaming router,6-Jun,Overland Park
Electronics,$100.00,Speakers & amplifier,6-Jun,Lees Summit
Electronics,$120.00,Brand New Unopened Tablet Samsung Galaxy Tab A9+ 5G,6-Jun,Kansas city
Electronics,$185.00,Vintage 1962 Wharfdale Speakers,6-Jun,Olathe
Electronics,$85.00,(Project) Beogram 1800 Turntable,6-Jun,Olathe
Electronics,$150.00,Heathkit MR-1010 Mariner II Radio Direction Finder Broadcast Long Wave,6-Jun,"Kansas City, MO"
Electronics,$95.00,Kenwood KD-1033 2 Belt Drive Manual Turntable Missing Dust Cover Works,6-Jun,"Kansas City, MO"
Electronics,$235.00,**2 VARITRONICS POSTER PRINTERS**,5-Jun,Grandview
Electronics,$375.00,**2 AWESOME JBL SPEAKERS**,5-Jun,Grandview
Electronics,$49.00,**2 NEW ASHLEY PENDANT LIGHTS**,5-Jun,Grandview
Electronics,$35.00,B&W Portable TV Situation,5-Jun,Kansas City
Electronics,$80.00,New Whirlpool Swasher Machine,5-Jun,"Paola , Ks"
Electronics,$140.00,Teac RA-41 Simul-Trak Record Amplifier Wood Case Input for Equalizer,5-Jun,"Kansas City, MO"
Electronics,$80.00,Toshiba 19 LCD TV DVD Combo 19LV61K w/ Remote & Power Cord RCA HDMI,5-Jun,"Kansas City, MO"
Electronics,$20.00,8 Texas Instruments TI-108 Calculators w Case,5-Jun,Parkville Weston
Electronics,$275.00,Simplisafe System + Accessories,5-Jun,KANSAS CITY
Electronics,$50.00,DJI OM 4 SE Handheld Smartphone Gimbal,5-Jun,KANSAS CITY
Electronics,$50.00,Joby Wavo Air 2.4Ghz Wireless Microphone System,5-Jun,KANSAS CITY
Electronics,$30.00,Joby Wavo On-Camera Vlogging Compact Microphone,5-Jun,KANSAS CITY
Electronics,$200.00,New Wedding iPad Photobooth with Light Bar (needs iPad),5-Jun,Kansas city
Electronics,$20.00,PANASONIC DVD +,5-Jun,BASEHOR KS
Electronics,$120.00,Xbox One,5-Jun,Leavenworth
Electronics,$0.00,Vintage Radios 1930 - 1940,5-Jun,Lake Lotawana
Electronics,$225.00,Apple iPad Air 3 - WiFi+Cellular & Keyboard Bundle,5-Jun,Gladstone
Electronics,$100.00,Epson 3 LCD projector WXGA Model EX7210,5-Jun,Lenexa
Electronics,$5.00,NEW Ventev Dashport rq1300 usb Car Charger for Smartphone or Tablet,5-Jun,Overland Park
Electronics,$80.00,Sanus DFSAT - Adjustable Speaker Stands (Pair) - Black,5-Jun,Stillwell
Electronics,$40.00,Pioneer car stereo,5-Jun,Kc area
Electronics,$200.00,Tripp Lite Power Verter,5-Jun,Kc area
Electronics,$10.00,Pacer Model PSW-1 SWR and Power Meter,5-Jun,Raymore
Electronics,$750.00,"Acoustic Research AR2AX speakers, Sansui table, Receiver,Reel to Reel.",5-Jun,Overland Park
Electronics,$200.00,Ender 5 Pro Dual Y Axis 3D Printer,5-Jun,odessa
Electronics,$5.00,Ring Smart Lighting Bridge,5-Jun,Shawnee
Electronics,$25.00,Vintage Pioneer Wood Glass Stereo Cabinet CB-720 5 Adjust Shelves,5-Jun,"Kansas City, MO"
Electronics,$95.00,Ray Jefferson Marine Radio Telephone Hercules 5525 VHF/FM CB Radio,5-Jun,"Kansas City, MO"
Electronics,$170.00,Apollo Concept 2200 Series Portable Overhead Projector 50 Transparncy,5-Jun,"Kansas City, MO"
Electronics,$30.00,Grainger ESD Anti-Static Mat 24 x 48 Hi-Temp Soldering Electronics,5-Jun,"Kansas City, MO"
Electronics,$80.00,Panasonic CJ-858U 8-Track Player with Tape Cassette Adapter CX-888SU,5-Jun,"Kansas City, MO"
Electronics,$50.00,5 Commscope Fiber Optic Module 1550-92mm OCM1-DMB233AL2-2T-US21 293147,5-Jun,"Kansas City, MO"
Electronics,$100.00,Laser PC4,5-Jun,KCK
Electronics,$175.00,Centech 6000 watt Power Inverter,5-Jun,odessa
Electronics,$125.00,Nest Thermostat,5-Jun,Kansas City
Electronics,$5.00,"Misc Electronics - coax cables, speaker wire, splitters, connectors,",5-Jun,Olathe
Electronics,$2.00,Telephone wire & accessories,5-Jun,Olathe
Electronics,$175.00,Vintage Canon AE-1 camera,5-Jun,Overland Park
Electronics,$25.00,Garmin Vivoactive 3 Music,5-Jun,Piper KS
Electronics,$25.00,Broken XBOX 360 Systems,5-Jun,Overland Park
Electronics,$5.00,TV Swivel Stand,5-Jun,Parkville
Electronics,$5.00,WANTAASTE LED MULTICOLORED HORSE LIGHT 3D,5-Jun,Independence
Electronics,$10.00,Old VCR,5-Jun,Independence
Electronics,$395.00,Brand New Matched Quad Set of Genelux KT88 Vacuum Tubes,5-Jun,"Nixa, Missouri"
Electronics,$385.00,Top-of-the-Line Audiophile Edition Denon Stereo Phono Cartridge,5-Jun,"Nixa, Missouri"
Electronics,$125.00,Rare Technics SH-50P1 Stylus Pressure Gauge in Mint Condition,5-Jun,"Nixa, Missouri"
Electronics,$55.00,ACCURIAN - SPEAKER'S,5-Jun,BASEHOR  KS
Electronics,$985.00,Point to Point Hand Wired Integrated Stereo Amplifier,5-Jun,"Nixa, MO"
Electronics,$25.00,DENON AVR - 3300,5-Jun,BASEHOR  KS
Electronics,$50.00,samsung sound bar with bass speaker,5-Jun,Olathe
Electronics,$40.00,YAMAHA Powered 100-watt 8 Sub-Woofer #YST-SW105 - WATCH VIDEO,5-Jun,
Electronics,"$3,200.00",Pioneer 1250 & Sansui G-9000DB,5-Jun,Kansas City
Electronics,$145.00,dyson vacuum still like new,5-Jun,lees summit
Electronics,$29.00,mop shark still like new,5-Jun,lees summit
Electronics,$29.00,camera canon a570is,5-Jun,lees summit
Electronics,$145.00,speaker Energy set of 6 still like new,5-Jun,lees summit
Electronics,$60.00,subwoofer pioneer still like new,5-Jun,lees summit
Electronics,$300.00,Signal Cable,5-Jun,Kansas City
Electronics,"$1,650.00",Carver Crimson 275 stereo amp,5-Jun,NKC
Electronics,$100.00,. Texas Instruments TI-Nspire CX Graphing Calculator  .,5-Jun,
Electronics,$70.00,PARADIGM LIKE NEW 8 180W Powered Front Firing Subwoofer #PDR 8 -V.3,5-Jun,
Electronics,$45.00,Technics 100-WPC 5.1 A/V Stereo Receiver #SA-AX540 (no remote) - WATCH,5-Jun,
Electronics,$15.00,For INSIGNIA Fire TV Alexa Voice Remote Control NS-RCFNA-21 D4-02,5-Jun,"Overland Park, KS"
Electronics,$30.00,"SYLVOX Full Motion Outdoor TV Wall Mount, Fits for TV Size 40-75",5-Jun,"Overland Park, KS"
Electronics,$15.00,Cimple Co 20' Ft Black RG6 Coaxial Cable Coax With Weather Booted Conn,5-Jun,"Overland Park, KS"
Electronics,$25.00,Cut the cord (upgrade any Amazon fire device),5-Jun,Liberty
Electronics,$25.00,"Jailbreak ANY Amazon Firestick, or android  (tablet, phone, tv box)",5-Jun,Liberty
Electronics,$85.00,(Project) Retro Weltron 8-Track/Radio 'Space Helmet Style',5-Jun,Olathe
Electronics,$100.00,(Project) Nakamichi BG 2 Cassette Deck,5-Jun,Olathe
Electronics,$125.00,32 Emerson LCD TV w/Remote,5-Jun,Independence
Electronics,$225.00,**GREAT POLK 6 SPEAKER SURROUND SYSTEM**,4-Jun,Grandview
Electronics,$42.00,*FORD 6 DISC PLAYER IN DASH*,4-Jun,Grandview
Electronics,$49.00,Speaker Stands - $49 per Pair & Custom Made,4-Jun,Lincoln
Electronics,$50.00,24 Element TV with Remote,4-Jun,"Paola, Ks"
Electronics,$50.00,samsung sound bar with bass speaker,4-Jun,Olathe
Electronics,$50.00,Party lights,4-Jun,Pleasant valley
Electronics,$285.00,Surround Sound System  (Receiver/Speakers),4-Jun,
Electronics,$100.00,POWER SUPPLY,4-Jun,INDEP.
Electronics,$25.00,Gaming chair,4-Jun,Grandview
Electronics,$599.00,15 Audio Nirvana Full-Range Source Point Audiophile Speakers,4-Jun,Lawrence
Electronics,$900.00,Rotel RSP 1576 Preamp,4-Jun,Olathe
Electronics,$30.00,Minolta MNCD370 1080p Car Camcorder w/3.0 LCD Monitor,4-Jun,Pleasant Valley
Computer Parts,$25.00,3D Glasses head set . Smart Phone Adaptor and Tripod,1h ago,Kansas city Mo
Computer Parts,$25.00,Lot of 10 HP Wired PS/2 Keyboards,2h ago,"Butler, MO"
Computer Parts,$25.00,Okidata C5100 Toner Cartridges,4h ago,Independence
Computer Parts,$35.00,HP 64xl ink cartridges - 2 pk new,4h ago,Western Shawnee
Computer Parts,$15.00,Brand New Cisco Router,6h ago,
Computer Parts,$90.00,HP EliteDisplay E273 | 27 Monitor | HD IPS Screen | Silver | 1FH50A8,6/10,"OVERLAND PARK, KS"
Computer Parts,$25.00,Dell E2211Hc Widescreen 21.5” LCD Monitor LED Backlight With Stand,6/10,"Overland Park, KS"
Computer Parts,$125.00,"BULK LISTING-LIGHT STANDS, TRIPODS, EASEL SPEAKER STAND, HOVERBOARD",6/10,"Overland Park, KS"
Computer Parts,$50.00,HP DeskJet 2755E Wireless All-in-One Color Inkjet Printer W/POWER CORD,6/10,"Overland Park, KS"
Computer Parts,$20.00,Netgear wireless router,6/10,Liberty
Computer Parts,$30.00,Monitor Sceptre E205W-16003R 20 inch Widescreen LED with Built in Spea,6/10,"Overland Park, KS"
Computer Parts,$40.00,"HP LaserJet Pro P1102w, Monochrome Wireless Laser Printer",6/10,"Overland Park, KS"
Computer Parts,$20.00,Keyboard Logitech MK545 Advanced Wireless and Mouse Combo,6/10,"OVERLAND PARK, KS"
Computer Parts,$70.00,HP E24 G5 FHD Monitor 23 W/POWER CORD,6/10,"Overland Park, KS"
Computer Parts,$25.00,Dell E2011Hc 21.5” Monitor W/Power Cable and Stand,6/10,"Overland Park, KS"
Computer Parts,$90.00,Printer HP LaserJet Pro M203dw Wireless Monochrome,6/10,"Overland Park, KS"
Computer Parts,$275.00,Printer HP Color LaserJet Pro 4201dw Wireless,6/10,"Overland Park, KS"
Computer Parts,$20.00,2 GB Laptop Memory Modules        2) 1 GB Modules,6/9,Independence
Computer Parts,$60.00,Acer predator lcd monitor,6/9,Fort Leavenworth
Computer Parts,$40.00,Razer ouroboros mouse and razer black widow ultimate,6/9,Fort Leavenworth
Computer Parts,$1.00,Bulk Cooling Fans NIDEC TA350DC Double Ball Inverter 50 Available,6/9,"Kansas City, MO"
Computer Parts,$60.00,New Kensington Pro Fit Ergo Wireless Keyboard K75402US Windows Mac,6/9,"Kansas City, MO"
Computer Parts,$40.00,EVGA Geforce GTX 760,6/9,Olathe
Computer Parts,$40.00,Dell LCD E2020H 19.5” VGA,6/9,Grandview
Computer Parts,$10.00,24 Samsung LED Monitor S24D300,6/9,Overland Park
Computer Parts,$50.00,ATTO FC42-ES NEW IN BOX dual channel 4 gig FC controller,6/9,
Computer Parts,$35.00,Monitor 23” HP 2311x,6/9,
Computer Parts,$20.00,"Bundle 19 Cables and Cords (HDMI, USB, VGA, Printer, Telecom, Power)",6/9,"Raymore, MO"
Computer Parts,$150.00,"Multiple boards,processors some ram and a case",6/9,Edgerton
Computer Parts,$0.00,"ComputerLabel printers, zebra, etc.  Handhelds too; brother, dymo",6/9,
Computer Parts,$0.00,"Your choice 24,22,20 and 17 inch LCD monitors for you",6/9,Overland Park
Computer Parts,$40.00,24 Monitor & Keyboard,6/9,Olathe
Computer Parts,$150.00,Computer Server Cabinet,6/8,
Computer Parts,$20.00,NEW HP compatible Ink,6/8,Basehor
Computer Parts,$330.00,TrippLite battery backup 1000 1500 Computer network,6/8,Blue Springs
Computer Parts,$10.00,Dell ePort II Port Replicator,6/7,Overland Park
Computer Parts,$14.00,Computer speakers,6/6,"Olathe, KS"
Computer Parts,$8.00,"Computer Mice, old school, 9 pin connector. Each..",6/6,"Olathe, KS"
Computer Parts,$225.00,Asus Tuf Gaming RTX 3060 ti OC,6/6,Pleasant Hill
Computer Parts,$60.00,Zeos Meridian 400 series Laptop Charger or AC Adapter,6/6,Overland Park
Computer Parts,$250.00,ECR4Kids 30-Bay Locking Laptop Or Tablet Charging Station Cart,6/6,Blue Springs
Computer Parts,$155.00,"16 Bay  Laptop Tablet Charging Cart Chromebooks, iPad Tablets Computer",6/6,Blue Springs
Computer Parts,$20.00,OGIO Element Black Laptop Bag Case Messenger Briefcase Nylon Luggage,6/5,mission
Computer Parts,$15.00,Gateway Laptop Parts Cord Etc,6/5,Parkville Weston
Computer Parts,$0.00,Computer parts Free,6/5,MO - Kansas City
Computer Parts,$350.00,3070ti,6/4,Overland Park
Computer Parts,$80.00,SCSI Card 19160,6/4,Wichita
Computer Parts,$250.00,Intel i5 core CPU,6/4,Blue Springs
Computer Parts,$300.00,Z790 AORUS PRO X motherboard,6/4,Blue Springs
Computer Parts,$50.00,DDR5 RGB storage,6/4,Blue Springs
Computer Parts,$70.00,980 PRO SSD card,6/4,Blue Springs
Computer Parts,$250.00,Kraken elite liquid CPU cooler,6/4,Blue Springs
Computer Parts,$100.00,RM SERIES RM 850,6/4,Blue Springs
Computer Parts,$35.00,New Flight Throttle Quadrant for Simulator,6/4,Grain Valley
Computer Parts,$35.00,"17 Computer monitor, NEC 1770",6/3,
Computer Parts,$60.00,HP Wireless Rechargeable Mouse and Keyboard,6/2,"Overland Park, KS"
Computer Parts,$200.00,HP D530 Compaq Slim w/ Pentium 4,6/1,Overland Park
Computer Parts,$185.00,Dell 32” curved monitor ( $329 new),6/1,"Shawnee, KS"
Computer Parts,$15.00,Google Fiber Network Box,6/1,Grandview
Computer Parts,$29.00,▇▇ be quiet! Dark Rock Pro 4 CPU Cooler - AM5 & AM4 ▇▇,6/1,Kansas City
Computer Parts,$30.00,Creative Labs SB0730 Sound Blaster 7.1 Channels 24-bit 96KHz PCI Sound Card,5/31,Kansas City
Computer Parts,$120.00,windows pro 11 usb version,5/30,Overland Park
Computer Parts,$200.00,HP 24 Widescreen LCD Computer PC Monitor (Adjustable / Vertical),5/30,Lenexa ($200 CASH OBO)
Computer Parts,$100.00,CAT6 300 FT Ethernet networking cable new,5/29,overland park
Computer Parts,$100.00,Brother MFC-8890DW High-Performance All-in-One Laser Printer,5/29,Overland Park
Computer Parts,$100.00,windows pro 11 SD DVD,5/29,Overland Park
Computer Parts,$350.00,Asus ROG Strix GeForce RTX 3070 Gaming OC with custom EK water block,5/28,"Olathe, KS"
Computer Parts,$50.00,Printer/Fax,5/27,Lees Summit
Computer Parts,$80.00,200 ft CAT7 flat Ethernet networking cable  Sstp rohs flat black cable,5/27,
Computer Parts,$10.00,HP Printer AC power cord/adapter,5/27,Overland Park
Computer Parts,$30.00,#1354 USB C Hub iVANKY 7 in 1 USB C Hub Multiport Adapter,5/27,Kansas City
Computer Parts,$70.00,"#1353 iVANKY EdgeDock 1 USB C Laptop Docking Station, 12-in-1",5/27,Kansas City
Computer Parts,$100.00,Amd ryzen 7 5700g,5/26,Gladstone
Computer Parts,$1.00,Various 500GB-2TB 3.5 SATA Hard Drives,5/26,Overland Park
Computer Parts,$20.00,#1344 128GB Flash Drive for iPhone Photo Stick USB Memory Stick Thumb,5/25,Kansas City
Computer Parts,$300.00,AsRock B450M Pro 4 Motherboard,5/25,Kansas City
Computer Parts,$60.00,"5 bottles / CORSAIR Hydro X Series, XL8, Performance Coolant, 1L, Translucent Pu",5/25,Overland Park
Computer Parts,$10.00,8 GB DDR4 RAM,5/24,
Computer Parts,$350.00,Intel Arc A770 Ltd 16gb,5/21,
Computer Parts,$5.00,IPad holder,5/21,Lenexa
Computer Parts,$100.00,32GB G.Skill Trident Z5 RGB DDR5 Gaming Computer Memory,5/18,Gladstone
Computer Parts,$250.00,Dell T610 Server (with rack mount kit),5/18,Overland Park
Computer Parts,$40.00,Logitech MX keys mini for Mac,5/18,
Computer Parts,$20.00,"44 Blank 3.5 Diskettes, Imation and Staples (Open Boxes, Unused)",5/17,"Raymore, MO (Kansas City Area)"
Computer Parts,$22.00,"NEW Bundle 5 Cables (HDMI, USB, VGA) & 1 Adapter (Mini Display Port)",5/17,"Raymore, MO (Kansas City Area)"
Computer Parts,$8.00,"Precision by Xidex DS, DD 5.25 diskettes",5/17,Kansas City MO North
Computer Parts,$50.00,Brenthaven notebook cary case,5/16,Olathe
Computer Parts,$800.00,Valve Index,5/15,"Westwood, KS"
Computer Parts,$25.00,"1990s Software: Pagemaker, Lotus 1-2-3, Harvard Graphics, Windows",5/15,"Raymore, MO (Kansas City Area)"
Computer Parts,$25.00,Lid Repair HP Laptop Hinges,5/14,"Kansas City North Near Liberty, MO"
Computer Parts,$75.00,McKlein Black Leather Roller Laptop Computer Rolling Bag 15,5/11,Shawnee
Computer Parts,$160.00,Samsung 28 UHD Monitor,5/10,Lenexa
Computer Parts,$50.00,Corsair 5000D,5/8,Kansas City
Computer Parts,$10.00,CPU Cooler: Xigmatek Loki SD963,5/8,South Kansas City
Computer Parts,$40.00,CPU Air Cooler: Cooler Master,5/8,South Kansas City
Computer Parts,$25.00,Canon Pixma TS3300 printer,5/6,Independence
Computer Parts,$200.00,Restoration Hardware Chandelier,5/5,Overland Park
Computer Parts,$10.00,"Certron DS, DD 5.25 diskettes",5/5,Kansas City MO North
Computer Parts,$3.00,"Certron DS, DD 5.25 diskettes",5/5,Kansas City MO North
Computer Parts,$10.00,"Certron DS, DD 5.25 diskettes",5/5,Kansas City MO North
Computer Parts,$5.00,"Sony DS, DD 5.25 diskettes",5/5,Kansas City MO North
Computer Parts,$75.00,47 3d tv vizio or hard drives.,5/4,Shawnee
Computer Parts,$1.00,"FujiFilm DS, HD 5.25 diskette",5/4,Kansas City MO North
Computer Parts,$10.00,"3M Highland DS, DD 5.25 diskettes",5/4,Kansas City MO North
Computer Parts,$20.00,Netgear EX7000 Wi-Fi Extender,5/3,Peculiar
Computer Parts,$25.00,"2 TB, 1 TB, 500 GB hard drives",5/1,Kansas City
Computer Parts,$35.00,MSI 2GB video card,5/1,Kansas City
Computer Parts,$1.00,AMD 3600 - ASROCK B550M PRO4 - LIAN LI - Corsair AX850 - 16GB GSKILL,4/27,Grandview
Computer Parts,$99.00,Netgear GS110TP-300NAS POE+ Managed Network Switch,4/27,Grandview
Computer Parts,$90.00,Thermaltake TH420 V2 Ultra. AIO liquid Cooler,4/26,Odessa
